fecha,respiratoria,cardiovascular,otra,defunciones_totales
1970-07-19,0,0,1,1
1997-08-10,0,0,1,1
2020-07-24,0,0,1,1
2021-01-11,0,0,1,1
2021-07-15,0,1,1,2
2021-10-15,0,0,1,1
2023-01-05,0,0,1,1
2023-01-12,0,0,1,1
2023-01-31,0,0,1,1
2023-02-20,0,0,1,1
2023-04-03,0,0,1,1
2023-06-23,0,0,2,2
2023-08-10,0,3,4,7
2023-09-12,0,0,1,1
2023-09-20,0,0,1,1
2023-10-06,0,0,1,1
2023-11-01,0,0,1,1
2023-11-06,0,0,1,1
2023-11-07,0,1,0,1
2023-11-28,0,0,1,1
2023-11-30,0,1,0,1
2023-12-01,0,0,1,1
2023-12-08,0,0,1,1
2023-12-14,1,0,0,1
2023-12-16,0,0,1,1
2023-12-21,0,0,1,1
2023-12-26,0,0,1,1
2023-12-28,0,0,1,1
2023-12-29,0,2,0,2
2023-12-30,3,5,8,16
2023-12-31,28,76,124,228
2024-01-01,34,78,159,271
2024-01-02,46,95,153,294
2024-01-03,44,82,179,305
2024-01-04,40,92,161,293
2024-01-05,50,81,164,295
2024-01-06,39,63,148,250
2024-01-07,30,73,143,246
2024-01-08,35,70,161,266
2024-01-09,33,84,145,262
2024-01-10,31,80,150,261
2024-01-11,36,77,119,232
2024-01-12,40,73,170,283
2024-01-13,43,74,153,270
2024-01-14,32,75,151,258
2024-01-15,37,75,154,266
2024-01-16,34,73,134,241
2024-01-17,37,64,165,266
2024-01-18,31,61,132,224
2024-01-19,28,65,122,215
2024-01-20,25,62,127,214
2024-01-21,36,70,134,240
2024-01-22,30,78,122,230
2024-01-23,36,51,157,244
2024-01-24,31,74,157,262
2024-01-25,27,59,140,226
2024-01-26,23,64,157,244
2024-01-27,47,58,131,236
2024-01-28,30,75,145,250
2024-01-29,43,74,99,216
2024-01-30,31,56,156,243
2024-01-31,30,70,131,231
2024-02-01,31,62,126,219
2024-02-02,18,77,140,235
2024-02-03,41,58,146,245
2024-02-04,25,67,129,221
2024-02-05,31,81,136,248
2024-02-06,29,65,133,227
2024-02-07,30,73,143,246
2024-02-08,28,63,149,240
2024-02-09,34,72,162,268
2024-02-10,29,66,133,228
2024-02-11,21,76,150,247
2024-02-12,21,61,117,199
2024-02-13,40,67,138,245
2024-02-14,25,65,131,221
2024-02-15,35,76,151,262
2024-02-16,34,68,141,243
2024-02-17,27,68,154,249
2024-02-18,31,69,136,236
2024-02-19,20,74,143,237
2024-02-20,23,72,166,261
2024-02-21,34,66,132,232
2024-02-22,33,71,145,249
2024-02-23,33,71,131,235
2024-02-24,34,79,159,272
2024-02-25,27,68,154,249
2024-02-26,35,71,137,243
2024-02-27,27,58,147,232
2024-02-28,36,73,161,270
2024-02-29,20,79,143,242
2024-03-01,31,68,134,233
2024-03-02,25,65,155,245
2024-03-03,20,66,136,222
2024-03-04,37,56,127,220
2024-03-05,30,61,142,233
2024-03-06,33,67,166,266
2024-03-07,31,53,117,201
2024-03-08,20,61,124,205
2024-03-09,28,54,140,222
2024-03-10,21,64,148,233
2024-03-11,27,54,137,218
2024-03-12,28,64,128,220
2024-03-13,23,66,120,209
2024-03-14,22,63,129,214
2024-03-15,28,81,136,245
2024-03-16,30,56,133,219
2024-03-17,24,65,142,231
2024-03-18,27,46,142,215
2024-03-19,21,74,137,232
2024-03-20,30,52,125,207
2024-03-21,28,69,125,222
2024-03-22,27,54,142,223
2024-03-23,25,52,135,212
2024-03-24,35,64,139,238
2024-03-25,22,53,116,191
2024-03-26,21,45,133,199
2024-03-27,24,69,133,226
2024-03-28,21,56,129,206
2024-03-29,24,65,140,229
2024-03-30,22,60,119,201
2024-03-31,13,70,142,225
2024-04-01,24,61,132,217
2024-04-02,20,56,139,215
2024-04-03,24,56,148,228
2024-04-04,23,59,115,197
2024-04-05,19,51,121,191
2024-04-06,14,71,145,230
2024-04-07,33,59,131,223
2024-04-08,24,62,128,214
2024-04-09,33,60,127,220
2024-04-10,30,61,115,206
2024-04-11,30,63,119,212
2024-04-12,26,61,139,226
2024-04-13,14,58,130,202
2024-04-14,22,49,148,219
2024-04-15,23,85,152,260
2024-04-16,32,62,139,233
2024-04-17,28,55,143,226
2024-04-18,38,66,134,238
2024-04-19,20,53,163,236
2024-04-20,26,53,113,192
2024-04-21,23,49,134,206
2024-04-22,18,67,130,215
2024-04-23,24,41,130,195
2024-04-24,26,55,129,210
2024-04-25,28,65,139,232
2024-04-26,32,52,129,213
2024-04-27,18,56,135,209
2024-04-28,23,69,128,220
2024-04-29,24,53,151,228
2024-04-30,27,57,145,229
2024-05-01,19,58,139,216
2024-05-02,25,51,142,218
2024-05-03,16,57,133,206
2024-05-04,20,44,143,207
2024-05-05,20,56,136,212
2024-05-06,26,50,135,211
2024-05-07,32,73,131,236
2024-05-08,17,67,132,216
2024-05-09,25,48,172,245
2024-05-10,29,66,148,243
2024-05-11,25,71,165,261
2024-05-12,24,68,158,250
2024-05-13,34,75,138,247
2024-05-14,19,74,141,234
2024-05-15,19,64,127,210
2024-05-16,22,56,134,212
2024-05-17,23,60,136,219
2024-05-18,30,56,125,211
2024-05-19,14,48,130,192
2024-05-20,18,54,134,206
2024-05-21,27,54,151,232
2024-05-22,23,61,107,191
2024-05-23,19,63,134,216
2024-05-24,19,57,123,199
2024-05-25,20,64,98,182
2024-05-26,27,62,135,224
2024-05-27,27,61,121,209
2024-05-28,18,58,117,193
2024-05-29,22,66,143,231
2024-05-30,21,71,142,234
2024-05-31,20,47,132,199
2024-06-01,23,60,128,211
2024-06-02,25,43,134,202
2024-06-03,20,69,144,233
2024-06-04,23,51,137,211
2024-06-05,28,48,135,211
2024-06-06,20,43,136,199
2024-06-07,16,53,140,209
2024-06-08,16,59,137,212
2024-06-09,23,49,140,212
2024-06-10,22,62,135,219
2024-06-11,10,56,112,178
2024-06-12,19,64,112,195
2024-06-13,14,55,135,204
2024-06-14,14,65,124,203
2024-06-15,22,57,147,226
2024-06-16,18,56,135,209
2024-06-17,18,59,131,208
2024-06-18,12,50,142,204
2024-06-19,25,57,149,231
2024-06-20,19,53,129,201
2024-06-21,21,38,135,194
2024-06-22,26,47,107,180
2024-06-23,20,61,91,172
2024-06-24,18,61,122,201
2024-06-25,26,54,124,204
2024-06-26,17,45,128,190
2024-06-27,22,56,119,197
2024-06-28,16,58,143,217
2024-06-29,22,49,135,206
2024-06-30,24,58,144,226
2024-07-01,27,72,143,242
2024-07-02,19,52,131,202
2024-07-03,19,58,147,224
2024-07-04,19,62,146,227
2024-07-05,26,49,157,232
2024-07-06,19,64,121,204
2024-07-07,14,54,138,206
2024-07-08,26,54,136,216
2024-07-09,24,60,117,201
2024-07-10,20,48,122,190
2024-07-11,22,53,137,212
2024-07-12,12,58,113,183
2024-07-13,22,52,128,202
2024-07-14,16,45,126,187
2024-07-15,21,59,125,205
2024-07-16,23,57,140,220
2024-07-17,19,51,135,205
2024-07-18,25,51,121,197
2024-07-19,22,45,130,197
2024-07-20,20,52,122,194
2024-07-21,20,47,122,189
2024-07-22,27,45,147,219
2024-07-23,16,53,129,198
2024-07-24,24,57,115,196
2024-07-25,21,56,131,208
2024-07-26,16,59,138,213
2024-07-27,23,45,111,179
2024-07-28,23,68,111,202
2024-07-29,27,52,133,212
2024-07-30,21,44,121,186
2024-07-31,32,55,135,222
2024-08-01,20,52,130,202
2024-08-02,18,55,114,187
2024-08-03,18,60,125,203
2024-08-04,32,56,103,191
2024-08-05,20,49,149,218
2024-08-06,19,56,152,227
2024-08-07,26,54,145,225
2024-08-08,20,51,146,217
2024-08-09,23,57,152,232
2024-08-10,22,55,136,213
2024-08-11,26,53,125,204
2024-08-12,17,58,141,216
2024-08-13,33,51,104,188
2024-08-14,17,52,124,193
2024-08-15,17,58,135,210
2024-08-16,10,39,111,160
2024-08-17,25,56,128,209
2024-08-18,18,50,126,194
2024-08-19,20,53,138,211
2024-08-20,14,60,114,188
2024-08-21,21,58,109,188
2024-08-22,22,48,144,214
2024-08-23,17,55,133,205
2024-08-24,24,59,153,236
2024-08-25,13,60,147,220
2024-08-26,23,58,120,201
2024-08-27,19,62,121,202
2024-08-28,18,52,111,181
2024-08-29,25,51,120,196
2024-08-30,20,66,149,235
2024-08-31,18,71,145,234
2024-09-01,24,51,134,209
2024-09-02,21,63,145,229
2024-09-03,20,58,112,190
2024-09-04,16,51,126,193
2024-09-05,25,58,133,216
2024-09-06,20,52,138,210
2024-09-07,21,52,132,205
2024-09-08,22,51,128,201
2024-09-09,18,67,116,201
2024-09-10,23,52,136,211
2024-09-11,23,49,131,203
2024-09-12,19,51,116,186
2024-09-13,23,68,125,216
2024-09-14,19,59,127,205
2024-09-15,19,57,106,182
2024-09-16,15,63,130,208
2024-09-17,24,52,137,213
2024-09-18,28,81,126,235
2024-09-19,28,51,129,208
2024-09-20,22,61,132,215
2024-09-21,30,65,131,226
2024-09-22,22,59,125,206
2024-09-23,16,69,133,218
2024-09-24,11,62,140,213
2024-09-25,11,75,113,199
2024-09-26,15,56,122,193
2024-09-27,22,57,116,195
2024-09-28,16,66,131,213
2024-09-29,22,62,130,214
2024-09-30,34,59,122,215
2024-10-01,26,62,140,228
2024-10-02,26,56,114,196
2024-10-03,26,60,108,194
2024-10-04,24,62,146,232
2024-10-05,24,56,132,212
2024-10-06,20,54,131,205
2024-10-07,28,56,129,213
2024-10-08,30,52,126,208
2024-10-09,22,69,140,231
2024-10-10,26,67,153,246
2024-10-11,26,74,114,214
2024-10-12,26,71,117,214
2024-10-13,23,49,142,214
2024-10-14,29,59,157,245
2024-10-15,23,66,124,213
2024-10-16,24,63,142,229
2024-10-17,19,56,126,201
2024-10-18,26,71,130,227
2024-10-19,20,67,135,222
2024-10-20,25,51,123,199
2024-10-21,31,64,147,242
2024-10-22,26,73,129,228
2024-10-23,22,60,139,221
2024-10-24,29,49,112,190
2024-10-25,12,53,133,198
2024-10-26,29,63,122,214
2024-10-27,24,64,129,217
2024-10-28,22,56,124,202
2024-10-29,30,54,118,202
2024-10-30,12,57,129,198
2024-10-31,21,54,139,214
2024-11-01,23,61,137,221
2024-11-02,24,52,144,220
2024-11-03,20,58,127,205
2024-11-04,19,61,141,221
2024-11-05,19,54,129,202
2024-11-06,31,79,119,229
2024-11-07,21,55,127,203
2024-11-08,26,63,134,223
2024-11-09,20,69,126,215
2024-11-10,16,55,117,188
2024-11-11,19,55,142,216
2024-11-12,21,39,139,199
2024-11-13,24,53,145,222
2024-11-14,32,76,123,231
2024-11-15,16,61,125,202
2024-11-16,24,55,118,197
2024-11-17,26,63,121,210
2024-11-18,19,50,117,186
2024-11-19,17,54,123,194
2024-11-20,12,63,131,206
2024-11-21,19,46,114,179
2024-11-22,20,67,122,209
2024-11-23,20,53,118,191
2024-11-24,21,57,143,221
2024-11-25,21,67,143,231
2024-11-26,20,61,138,219
2024-11-27,20,75,143,238
2024-11-28,23,86,134,243
2024-11-29,23,55,121,199
2024-11-30,30,53,143,226
2024-12-01,31,71,133,235
2024-12-02,22,68,142,232
2024-12-03,23,75,131,229
2024-12-04,21,76,147,244
2024-12-05,27,65,138,230
2024-12-06,25,53,139,217
2024-12-07,19,63,138,220
2024-12-08,26,60,136,222
2024-12-09,25,67,127,219
2024-12-10,31,62,133,226
2024-12-11,29,49,151,229
2024-12-12,20,76,141,237
2024-12-13,20,57,133,210
2024-12-14,18,64,134,216
2024-12-15,27,82,128,237
2024-12-16,23,62,139,224
2024-12-17,34,80,146,260
2024-12-18,25,79,141,245
2024-12-19,31,73,151,255
2024-12-20,23,77,115,215
2024-12-21,26,84,128,238
2024-12-22,27,60,156,243
2024-12-23,30,66,142,238
2024-12-24,31,63,128,222
2024-12-25,20,59,136,215
2024-12-26,38,70,158,266
2024-12-27,19,57,153,229
2024-12-28,37,82,161,280
2024-12-29,25,83,143,251
2024-12-30,35,79,142,256
2024-12-31,9,19,42,70
